"","V1","V2","V3","V4","V5","V6","V7","V8","V9","V10","V11","V12","V13","V14","V15","V16","V17","V18","V19","V20","V21","V22","V23","V24","V25"
"1",94.22,70.02,88.5,67.5,99.7,98.43,94.73,83.57,93.77,89.62,79.06,87.5,67.86,96.56,78.59,95.43,74.47,75.67,97.35,90.11,95.83,86.64,69.84,96.27,94.95
"2",98.88,67.43,82.55,70.48,81.73,71.25,88.37,69.57,73.65,72.78,70.09,75.02,83.65,97.42,79.91,74.52,74.95,81.39,69.22,99.48,68.63,78.62,96.42,77.24,81.8
"3",80.17,70.29,67.54,90.44,92.36,67.26,89.56,69.27,91.13,72.2,88.8,90.64,91.68,83.04,72.11,78.24,67.45,96.16,73.95,99.39,92.32,81.55,93.21,80.37,78.91
"4",79.62,75.44,77.3,78.77,78.08,87.37,88.06,85.78,69.23,73.03,75.8,69.18,90.86,95.35,96.97,83.91,67.38,67.78,74.04,97.69,99.02,73.85,67.44,84.67,90.9
"5",79.19,93.99,87.16,75.99,70.77,74.26,78.01,81.9,67.11,71.2,77.22,76.27,70.48,85.23,83.76,89.23,92.71,98.48,78.42,98.05,93.93,71,72.37,79.79,79.82
"6",76.45,80.24,78.14,74.33,99.17,93.17,81.5,89.68,91.01,70.74,79.97,72.41,77.97,78.79,91.35,97.95,80.79,74.56,67.98,85.08,69.78,71.72,92.4,82.68,88.97
"7",89.82,79.62,68.99,76.17,89.6,90.4,74.48,82.35,75.65,79.36,76.71,74.49,78.49,87.59,77.44,89.37,81.34,88.43,88.83,78.15,85.51,89.63,96.76,77.23,76.02
"8",78.1,83.09,83,71.31,86,96.77,83.14,93.09,98.78,88.91,67.99,67.54,67.2,77.52,83.83,97.37,71.06,95.7,69.4,90.34,85.49,69.55,92.68,90.34,79.91
"9",94.19,77.98,94.65,88.02,71.79,95.01,99.45,99.03,68.7,81.86,80.67,82.65,74.93,98.43,99.6,90.73,84.39,72.89,77.19,93.75,89.45,97.4,79.36,96.63,70.82
"10",90.73,78.01,87.25,68.18,99.15,78.61,84.36,97.36,88.94,82.79,80.88,93.25,87.19,68.12,85.75,79.78,77.82,91.33,67.14,82.22,75.31,97.97,92.5,84.36,88.06
"11",91.96,68.08,67.05,75.05,82.67,78.28,92.99,77.51,85.86,91.21,94.05,91.25,89.08,69.84,77.54,83.54,74.21,83.91,76.52,74.89,84.17,98.56,76.84,95.22,92.89
"12",97.69,85.46,73.37,81.21,91.96,68.36,89.7,77.73,83.42,85.41,88.57,68.73,73.41,98.32,77.92,83.12,87.19,82.18,85.91,95.91,94.24,86.52,79.75,69.07,99.42
"13",87.52,92.57,95.87,88.79,96.62,73.72,86.55,69.57,89.55,89.64,81.84,96.39,68.9,72.16,72.33,89.38,89.83,86.37,96.91,84.95,74.37,73.1,83.09,84.8,77.92
"14",70.51,79.87,83.07,78.92,83.5,85.02,75.94,97.84,69.69,91.52,74.8,70.37,85.41,87.42,86.06,78.18,79.95,97.06,72.51,72.35,93.13,75.56,87.06,93.76,86.48
"15",73.24,95.99,90.34,68.46,68.9,98.96,84.92,81.44,76.7,67.74,78.67,81.94,99.81,70.87,99.31,70.18,82.32,94.08,68.21,83.67,96.39,83.25,96.28,79.42,77.42
"16",70.44,94.59,97.03,67.69,89.24,70.36,67.88,91.62,77.1,67.92,94.5,78.47,77.42,73.23,94.13,90.89,84.83,84.95,68.21,74.23,75.86,81.35,85.23,86.18,98.78
"17",70.85,75.99,92.06,95.38,74.9,71.06,92.26,73.54,77.06,76.34,82.26,86.57,89.4,88.66,97.23,76.12,71.01,69.8,92.32,81.92,79.71,71.16,71.78,93.67,99.93
"18",98.92,98.4,70.34,91.49,95.23,99.1,97.39,71.21,78.26,99.43,96.3,81.11,91.35,99.5,90.32,79.37,84.55,73.15,68.55,83.82,76.93,92.28,93.76,90.55,93.31
"19",68.75,70.1,87.32,86.06,92.27,75.8,73.49,68.18,90.5,90.41,86.52,74.05,88.4,87.8,99.52,70.34,81.64,82.42,67.34,96.19,72.12,85.89,76.83,89.22,79.88
"20",85.97,70.84,92.71,74.2,71.72,77.93,81.73,93.75,78.94,90.87,83.13,69.01,89.81,96.74,96.88,76.91,81.24,75.78,84.1,72.44,99.79,70.85,78.21,78.16,86.55
"21",76.08,86.86,81.99,93.94,74.01,99.07,74.51,86.79,83.19,73.77,73.51,83.05,69.49,70.81,78.05,85.03,73.15,83.59,68.1,91.67,73.27,91.19,99.74,95.79,93.98
"22",67.23,76.4,79.5,78.98,76.79,81.77,87.93,99.5,99.58,76.8,82.72,67.44,67.2,81.08,68.42,79.44,96.51,97.54,95.03,70.26,78.61,83.95,82.72,85.26,81.54
"23",79.45,81.4,72.75,68.08,79.92,97.38,91.35,78.43,80.04,73.79,97.42,93.4,85.98,87.33,82.77,75.67,88.43,70.34,67.38,84.95,80.59,92.62,99.95,78.78,74.26
"24",90.13,74.52,85.52,93.31,75.46,83.61,92.05,79.13,71.17,77.49,76.15,98.55,83.48,76.88,79.72,92.19,67.21,84.44,80.98,78.82,94.88,84.92,75.15,81.04,70.32
"25",67.42,87.16,72.94,72.45,89.01,89.23,84.03,97.76,98.51,88.36,82.79,69.34,84.32,67.69,92.9,89.97,92.92,77.41,89.59,83.43,77.36,94.99,68.09,89.28,71.22
"26",72.58,68.31,89.08,83.19,78.34,73.92,95.16,88.68,79.03,75.35,70.35,77.15,86.44,96.61,97.59,75.12,76.99,87.48,95.72,72.4,87.04,92.33,85.67,73.19,76.03
"27",89.79,73.52,75.5,84.44,77.67,79.36,92.08,80.41,82.73,79.86,75.87,71.7,90.03,86.97,85.72,77.02,76.52,75.42,68.21,71.92,88.29,97.19,73.17,95.18,85.65
"28",93.39,96.63,92.34,69.79,99.46,96.7,73.46,82.31,73.47,98.26,79,75.88,94.3,97.25,78.66,79.1,98.23,88.42,73.33,91.67,83.72,91.07,77.16,76.92,83.13
"29",85.89,69.18,76.49,78.93,96,84.13,97.81,90.08,93.73,76.65,80.6,73.67,69.5,77.61,76.54,91.75,99.62,97.14,72.54,71.58,74.03,67.89,72.49,86.92,71.93
"30",99.84,80.85,77.13,87.45,74.41,73.64,70.19,70.32,91.05,68.67,84.7,84.01,68.8,93.15,97.17,80.81,81.26,81.22,93.78,86.49,88.3,87.2,85.85,68.19,94.71
"31",79.81,97.49,73.82,77.05,85.8,73.66,89.77,92.46,90.67,86.46,99.74,71.89,88.97,90.16,96.99,86.79,99.39,84.71,76.89,84.15,74.61,81.16,77.72,88.16,99.03
"32",79.58,69.69,97.67,99.02,75.13,70.88,71.45,69.3,77.83,81.84,67.14,91.67,75.42,78.88,88.26,76.07,87.02,91.76,81.34,82.64,92.62,95.96,83.03,75.36,93.61
"33",72.2,73.34,84.13,84.68,70.42,88.32,74.17,77.72,92.75,92.18,99.17,79.92,81.88,83.5,97.02,72.15,86.23,87.94,70.37,69.75,68.44,85.54,84.66,72.99,89.06
"34",81.81,69.96,89.28,80.31,87.19,96.88,89.1,98.15,76.61,79.41,82.37,89.37,81.28,77.15,85.27,96.64,83.26,72.22,71.93,82.38,92.51,67.97,92.03,97.95,83.34
"35",91.63,72.02,80.66,75.37,96.02,90.03,81.96,91.42,95.11,82.16,83.15,95.67,73.69,93.97,67.05,85.68,82.47,95.37,76.74,83.27,99.12,99.02,82.95,93.12,99.02
"36",67.92,74.34,94.04,68.52,76.17,97.11,95.79,78.52,95.49,97.99,82.78,97.92,73.23,97.14,69.29,87.08,96.17,71.89,67.06,69.96,74.15,77.08,97.53,86.2,78.67
"37",95.13,90.59,83.42,79.97,87.34,94.22,90.98,78.12,93.63,89.47,95.89,69.69,79.17,73.11,77.17,68.82,96.82,76.19,78.39,87.59,68.04,99.49,84.82,79.81,83.88
"38",81.16,84.16,85.28,82.86,90.29,88.69,90.78,75.92,71.52,71.91,95.98,75.66,99.7,67.83,89.24,91.76,83.67,94.24,73.29,92.72,89.15,89.57,79.14,94.33,87.41
"39",78.97,95.51,87.09,68.7,96.28,86,72.1,82.33,97.99,77.57,68.68,87.77,80.01,86.66,78.71,79.89,96.54,81.78,96.08,79.88,76.76,74.75,98.61,89.61,91.9
"40",75.39,80.73,81.34,80.26,72.23,78.38,79.86,96.03,82.97,90.28,99.36,90.99,78.62,94.17,76.02,67.4,82.73,88.71,69.13,83.78,97.51,79.84,82.03,91.97,69.69
"41",74.16,72.72,98.54,81.18,69.53,93.75,81.27,92.39,78.49,82.6,69.29,71.21,94.66,80.1,73.43,72.45,74.99,81.89,68.27,95.91,88.79,80.44,72.11,84.97,97.76
"42",79.29,75.7,83.16,85.95,82.38,85.08,82.81,72.64,98.99,79.79,70.65,78.32,85,68.03,90.79,92.63,71.24,97.84,96.85,69.05,99.99,98.92,78.23,96.2,82.26
"43",73.6,90.05,83.01,77.3,97.14,75.07,85.87,78.43,67.99,94.49,87.87,82.83,89.35,99.98,89.53,71.49,92.11,85.27,93.66,74.34,67.91,81.21,84.18,97.05,88.97
"44",70.17,77.3,83.04,71.3,95.76,92.23,99.41,74.24,69.05,89.67,92.74,93.33,99.03,69.54,75.57,83.11,76.17,99.51,86.99,75.82,97.66,84.19,86.15,93.17,79.89
"45",72.36,86.05,89.77,80.97,83.52,91.69,95.36,68.24,99.18,95.98,71.67,76.42,72.95,78.04,91.91,97.09,81.63,96.78,82.42,86.63,78.75,87.97,90.62,82.01,73.16
"46",77.75,94,84.62,96.56,87.19,95.26,68.36,80.74,80.75,75.27,75.17,99.29,99.73,95.69,78.45,87.28,86.38,98.1,68.82,97.34,77.74,92.11,84.65,75.72,97.49
"47",70.64,77.23,99.21,67.46,79.56,89.59,96.02,86.63,78.13,70.13,74.45,98.04,99.07,95.65,82.88,94.67,73.73,76.45,69.01,71.95,75.33,83.19,68.9,98.24,99.74
"48",88.22,96.07,98.67,88.51,81.53,95.86,68.45,67.15,93,93.47,94.76,69.42,92.14,76.36,75.06,74.81,81.64,82.48,88.41,76.4,95.11,96.99,84.48,81.01,70.24
"49",96.33,71.25,93.72,96.88,89.55,90.36,96.38,82.43,85.27,99.2,90.05,76.55,94.74,98.01,69.93,73.94,96.9,85.66,79.46,77.22,77.72,90.55,87.53,70.3,89.74
"50",82.7,94.29,85.07,90.63,80.96,93.02,81.54,97.66,82.34,95.3,77.9,74.97,83.35,68.28,86.85,87.62,76.84,91.62,76.32,76.86,74.34,90.43,99.81,90.58,72.08
"51",88.57,67.12,67.85,88.88,69.92,74.17,91.49,95.31,70.3,97.24,72.77,91.49,74.84,72.72,97.99,95.68,96.13,82.95,67.09,96.06,78.49,72.07,85.81,71.26,78.14
"52",67.13,96.19,75.88,77.44,90.65,94.74,82.44,97.96,73,71.4,96.52,88.82,67.15,76.47,79.26,79.4,81.59,70.83,95.95,81.81,97.71,86.38,96.21,73.25,72.87
"53",89.86,67.85,73.56,81.19,84.17,94.05,75.82,78.87,74.74,80.14,69.35,95.97,67.62,70.61,88.38,75.99,71.72,68.57,99.39,74.88,83.23,99.16,76.98,93.96,67.41
"54",73.24,73.78,78.02,96.18,87.35,74.24,88.89,70.99,71.81,82.85,74.92,68.23,72.29,91.95,74.62,85.66,96.19,75.01,68.39,73.93,85.46,73.06,73.57,72.22,96.2
"55",68.49,84.55,68.99,91.56,88.34,78.13,95.42,68.89,90.61,82.78,97.91,72.52,90.84,73.96,94.98,71.41,83.51,97.85,71.89,75.38,98.85,69.86,86.35,86.52,71.55
"56",98.5,97.83,82.87,96.47,83.83,94.72,96.87,99.01,84.02,95.96,74.27,98.28,87.92,80.73,73.95,68.97,99.59,76.75,95.79,86.57,92.94,88.33,91.29,69.54,85.88
"57",78.56,96.45,86.85,70.25,91.61,74.58,81.36,92.33,69.82,92.55,95.83,96.43,80.24,70.58,87.3,80.12,97.24,93.88,89.59,68.1,91.94,95.41,86.66,79.26,82.79
"58",89.97,81.73,85.21,87.23,99.48,91.95,85.77,95.94,77.69,76.48,67.62,71.22,82.32,71.16,69.21,77.1,94.76,91.15,67.03,98.7,91.13,69.91,95.25,89.02,90.25
"59",75.03,78.76,77.34,73.6,71.28,82.54,83.45,79.14,98.64,90.96,99.34,81.49,85.26,68.02,86.29,72.21,80.53,89.39,70.64,89.67,89.9,78.38,77.7,68.82,83.61
"60",73.73,73.86,99.45,81.51,90.73,86.7,87.18,90.14,75.55,67.98,93.45,82.35,84.61,97.15,86.37,68.4,68.49,91.47,73.61,93.14,81.1,75.84,76.54,77.96,79.56
"61",95.79,87,84.84,96.82,94.65,89.15,76.5,87.05,73.06,83.98,76.16,92.6,74.51,95.79,80.16,89.17,96.31,75.59,77.08,74.11,99.87,88.16,72.69,68.57,79.51
"62",97.83,85.41,74.57,92.34,79.55,91.8,70.32,91.86,67.17,86.47,81.29,77.25,90.67,78.14,90.68,67.36,92.94,96.49,90.89,83.59,71.38,73.93,75.09,85.41,76.91
"63",83.42,67.3,99.42,75.12,88.79,73.13,86.25,73.93,71.02,95.35,80.96,81.18,71.23,71.12,87.15,83.21,72.74,88.82,85.37,85.63,97.23,81.2,80.43,82.15,88.43
"64",81.05,88.07,95.9,86.79,85.24,72.92,98.87,85.53,83.96,90.82,85.04,79.25,84.46,75.68,77.15,87.77,88.66,90.95,83.03,93.61,80.1,95.28,69.28,75.06,98.99
"65",75.95,78.66,76.89,72.82,87.17,71.12,85.68,93.96,78.41,67.63,78.43,76.13,82.44,81.04,79.52,97.73,90.01,81.07,76.17,74,76.98,70.78,87.99,77.97,99.32
"66",79,69.46,78.02,74.37,70.02,91.38,81.75,77.51,73.87,95.67,85.28,77.06,86.37,87.03,70.55,99.28,97.36,76.89,90.62,81.81,80.73,93.37,98.95,73.52,89.8
"67",87.01,92.73,76.86,80.22,87.26,81.8,95.75,76.78,99.83,75.18,72.56,68.72,90.65,70.02,95.03,75.83,76.33,97.95,68.18,67.82,71.6,82.61,75.26,97.63,89.56
"68",85.76,91.93,90.15,73.78,74.45,69.89,94.29,94.97,72.51,92.86,95.43,68.84,92.37,75.08,80.93,88.75,94.95,99.08,81.08,67.14,85.81,87.38,74.13,89.27,91.9
"69",74.76,85.55,93.64,80.62,83.09,74.53,91.85,91.07,80.27,76.3,95.06,90.48,76.03,98.41,94.85,78.13,74.92,74.61,92.02,87.34,91.31,81.83,99.99,67.14,77.6
"70",89.45,69.35,75.35,85.57,98.92,75.7,95.51,81.32,72.41,75.57,81.83,83.25,90.86,91.54,83.87,76.49,75.98,77.12,79.6,95.01,97.78,82.31,72.53,82.75,85.67
"71",83.83,82.99,98.03,95.89,93.2,88.29,73.66,73.66,88.12,92.21,68.39,72.5,68.71,72.75,99.74,93.99,73.54,75.18,97.94,87.93,71.83,82.54,77.14,89.83,93.8
"72",82.63,83.28,73.07,73.44,88.54,67.82,80.51,73.97,74.75,73.64,96.06,71.04,81.85,80.99,69.76,73.75,74.21,94.75,84.76,86.07,70.12,84.45,98.39,71.02,75
"73",79.73,83.73,97.77,97.67,69.2,81.06,86.16,67.95,73.68,94.49,74.86,74.78,95.4,69.01,90.29,85.72,82.67,73.02,69.84,72.97,70.45,98.76,91.23,96.03,98.46
"74",88.27,80.19,85.84,77.04,89.76,93.84,99.29,68,69.6,90.92,97.12,80.5,86.36,78.24,97.85,89.99,91.12,96,77.09,89.18,80.64,92.95,71.87,83.26,90.89
"75",72.93,96.61,99.64,67.57,82.33,93.94,99.36,73.97,71.63,81.75,85.56,78.49,98.38,70.17,74.55,72.15,79.82,95.15,93.6,98.4,89.32,73.9,84.12,92,79.55
"76",87.01,86.09,90.89,80.28,92.4,80.41,97.59,74.6,67.04,70.08,77.25,96.94,93.81,76.78,97.9,95.2,70.42,77.31,89.55,85.99,98.2,88.01,87.12,77.98,94.53
"77",99.89,86.54,100,79.14,71.41,68.38,86.4,96.28,93.94,98.37,77.94,79.88,94.84,93.23,84.85,89.46,69.4,79.65,79.46,79.58,84.96,75.45,94.13,68.15,87.06
"78",93.85,92.89,80.69,82.07,93.5,89.07,81.47,94.91,91.96,78.78,72.55,78.8,97.55,69.16,87.91,67.69,77.89,83.08,87.84,92.29,87.48,75.88,91.98,91.3,90.72
"79",97.45,75,87.42,99.98,70.02,72.81,92.69,87.69,75.37,80.87,68.33,72.22,78.55,71.91,82.53,87.69,78.03,91.97,78.89,80.5,97.83,97.16,83.78,97.14,99.8
"80",81.59,85.38,77.25,91.26,68.83,81.54,78.5,85.79,88.65,80.09,72.92,81.32,95.77,98.12,83.38,87.24,92.47,85.27,92.78,71.47,74.62,69.83,92.23,79.86,94.88
"81",90.24,72.34,71.62,71.81,71.8,90.04,83.17,90.17,97.71,85.35,90.51,73.92,85.68,87.51,95.95,82.74,88.69,78.06,68.84,81.98,88.83,98.81,98.78,71.32,97.54
"82",88.04,68.2,96.93,94.41,88.14,67.44,76.32,97.31,68.43,84.13,69.3,82.11,89.43,89.61,92.86,70.15,84.06,90.3,88.82,73.98,82.47,95.99,91.46,68,96.27
"83",96.22,78.3,80.38,94.46,80.04,79.79,84.8,72.02,71.16,67.13,92.89,69.1,84.72,94.48,94.47,91.03,84.37,89,77.28,73.03,99.97,79.96,73.63,99.63,86.61
"84",77.71,89.45,79.12,79.92,78.5,87.61,70.77,73.91,98.92,79.1,80.24,91.02,77.06,92.29,87.95,75.79,84.44,71.67,99.14,67.94,70.06,92.85,68.35,93.96,92.66
"85",89.68,99.22,73.4,76.4,78.04,98.83,72.67,89.29,85.67,84.58,77.9,94.8,73.75,94.27,77,97.24,85.4,86.16,74.8,72.68,78.67,68.61,85.15,67.48,85.12
"86",86.58,95.28,90.9,70.02,77.09,75.4,91.54,75.63,70.31,77.39,71.52,87.82,72.52,75.05,68.59,94.69,72.69,85.79,98.46,78.35,83.75,92.96,73.57,87.08,72.46
"87",71.33,96.33,82.08,90.29,73.51,94.89,74.56,89.18,95.76,92.53,69.52,84.07,74.37,94.32,79.92,98.67,80.03,67.88,67.65,79.58,81.18,82.66,83.8,99.41,77.96
"88",96.84,68.83,95.42,85.91,71.86,86.3,83.32,85.21,88.96,67.36,84.48,72.45,98.92,75.34,93.77,73.34,83.06,80.49,68.37,80.97,84.46,94.07,75.97,75.04,95.99
"89",75.23,70.55,67.57,73.31,88.25,71.71,81.48,84.22,98.01,91.79,97.69,99.08,96.67,92.61,72.18,83.12,95.24,84.54,70.99,67.36,77.19,85.13,84.64,94.8,97.55
"90",75.35,87.4,76.89,95.21,99.39,72.87,72.83,87.85,88.2,75.99,72.67,98.98,75.11,74.02,80.59,83.79,74.65,84.56,93.33,73.52,85.51,72.92,97.81,95.15,90.16
"91",97.03,94.01,99.33,92.75,73.2,98.83,86.41,84.57,87.56,97.99,67.45,77.41,72.39,79.05,75.02,81.61,90.06,93.37,79.36,99.94,99.61,78.71,89.62,94.75,70.08
"92",99.13,99.8,97.57,80.45,76.11,75.82,73.98,95,84.31,75.99,69.92,73.74,81.3,76.76,82.86,75.69,76.24,84.2,91.6,67.96,92.53,82.73,78.18,80.79,80.25
"93",84.14,97.06,71.02,94.59,69.05,77.47,84.9,78.49,92.13,68.21,67.59,71.48,82.98,89.61,71.91,84.76,81,79.97,76.67,76.94,88.56,83.33,72.96,72.77,69.84
"94",70.42,80.94,71.74,90.84,76.46,86.35,91.07,89.61,84.5,77.22,96.57,73.87,96.95,74.4,86.23,88.21,86.09,76.8,94.33,97.29,79.89,91.38,98.93,71.75,99.51
"95",84.23,81.91,72.49,76.27,97.37,91.32,84.66,81.34,73.32,90.08,76.12,67.98,87.59,67.81,86.37,78.74,96.88,73.8,69.45,89.91,96.77,99,93.22,90.56,69.45
"96",99.67,93,77.53,79.5,84.02,92.15,80.23,70.26,72.37,94.12,69.72,80.31,89.94,97.29,81.74,68.34,96.43,94.28,86.75,98.27,79.9,82.86,87.49,87.68,86.17
"97",69.82,82.77,72.33,70.44,85.27,77.84,94.86,88.59,73.32,68.83,74.25,90.57,70.36,96.35,84.59,86.83,84.08,98.35,90.32,76.68,90.41,90.76,81.98,77.41,84.76
"98",96,67.58,78.4,94.8,87.67,89.6,89.19,87.91,71.44,83.28,89.94,78.86,71.34,88.55,97.68,67.35,95.42,96.38,67.39,75.09,79.89,71.85,76.5,95.06,88.94
"99",90.08,79.81,88.29,67.94,84.01,80.56,93.23,76.69,68.55,78.13,79.58,80.58,89.33,95.39,68.47,81.68,93.98,79.59,95.38,87.91,78.78,82.15,89.51,82.4,75.72
"100",73.5,78.94,88.66,91.45,98.44,79.96,95.08,78.84,96.76,77.05,68.5,84.49,96.87,69.08,79.67,69.76,73.01,98.78,80.79,96.76,82.66,74.45,68.77,68.05,81.55
"101",91.64,90.87,72.93,97.49,79.09,74.38,85.66,75.78,99,93.08,93.89,89.15,94.25,94.67,90,78.36,78.75,91.81,99.1,98.84,75.92,88.44,96.76,80,73.45
"102",71.81,97.8,91.72,93.4,92.98,71.62,81.45,69.73,82.56,70.18,74.3,79.28,86.9,79.53,82.84,83.29,88.99,91.59,69.25,95.55,85.09,76.79,96.7,77.3,96.26
"103",77.69,67.72,78.58,74.88,79.77,74.86,76.18,84.86,77.6,92.98,91.74,92.37,88.61,69.08,87.89,90.27,92.08,80.36,79.14,76.17,71.15,83.37,93.61,98.76,72.41
"104",67.68,87.69,81.57,99.55,99.14,88.23,94.17,68.46,87.44,84.52,96.24,90.84,95.98,78.36,71.68,79.06,72.16,75.16,77.6,96.19,75.52,82.3,92.9,68.23,81.73
"105",89.66,70.46,86.16,95.05,68.21,70.7,79.83,76.12,69.13,97.89,77.21,91.55,84.05,71.19,72.15,87.54,89.15,90.3,69.41,73.98,77.54,69.87,85.73,75.21,83.62
"106",92.27,86.07,99.47,78.8,97.65,95.35,81.32,83.24,90.28,91.53,69.45,99.09,80.75,82.33,94.23,94.63,75.83,82.23,90.23,68.45,88.71,97.91,71.18,67.79,96.71
"107",82.04,82.63,89.86,87.48,70.99,82.38,85.03,71.34,73.78,78.6,93.17,67.98,82.56,76.74,85.95,71.57,70.18,89.43,89.52,89.38,79.07,69.05,67.36,91.39,73.92
"108",80.37,77.91,89,95.96,90,97.98,70.97,89.2,70.22,80.86,81.85,84.69,68.26,87.82,97.1,95.12,93.25,98.47,85.06,98.32,80.07,83.33,80.78,91.94,71.24
"109",95.76,88.4,73.07,75.17,75.1,83.89,77.96,94.24,92.01,82.82,86.39,84.27,86.98,72.72,84.23,87.2,81.77,89.65,78.57,79.26,99.31,86.66,82.03,70.3,85.67
"110",83.02,67.01,70.62,84.12,74.58,74.46,73.59,71.28,78.69,90.12,81.6,87.96,79.68,97.25,78.38,68.93,83.5,68.52,68.1,95.96,78.25,96.82,91.72,81.57,84.57
"111",88.73,85.59,81.13,69.43,76.72,93.29,99.52,91.84,95.73,94.62,74.67,96.47,81.42,76.53,99.2,83.23,93.17,74.22,86.48,97.26,82.56,73.81,78.92,83.8,74.27
"112",70.06,97.16,67.29,78.55,87.46,95.52,67.58,77.67,72.18,67.16,73.73,93.04,93.17,87.84,74.11,79.75,98.94,97.98,72.98,93.25,78.79,82.98,91,68.29,86.21
"113",93.03,70.19,83.95,69.16,76.08,79.06,87.29,72.38,80.58,67.39,87.57,91.18,94.31,72.44,68.06,73.27,90.27,76.35,93.86,80.36,81.68,70.65,95.23,87.51,77.84
"114",81.04,69.06,75.1,87.65,72.41,83.65,74.85,95.83,95.42,76.2,70.46,99.75,78.02,70.07,91.33,79.74,82.28,86.37,89.72,95.61,70.28,90.53,97.34,76.29,87.86
"115",73.07,70.48,79.67,75.43,76.98,86.11,86.61,90.44,77.34,96.8,84.07,99.25,97.52,92.52,68.38,84.45,79.63,79.74,94.58,82.06,69.2,86.71,87.31,87.92,78.91
"116",85.98,71.15,73.09,89.86,89,68.32,75.13,90.44,83.07,89.4,72.47,95.9,73.94,95.96,74.48,98.39,68.54,96.86,75.47,74.2,82.08,71.46,86.86,73.91,84.32
"117",94.5,96.27,86.08,85.7,71.64,68.39,77.5,84.62,96.87,71.57,74.1,87.76,93.91,74.13,76.63,86.84,79.02,69.52,69.45,80.84,93.26,74.27,82.61,67.52,82.39
"118",71.23,80.54,84.94,68.84,83.76,86.16,99.32,86.11,84.38,68.36,76.92,99.6,94.61,86.82,73.97,77.9,96.01,92.58,95.14,85.94,87.72,74.54,85.2,89.1,85.45
"119",83.35,69.73,73.6,87.63,91.21,74.34,76.04,67.12,67.7,96.01,91.48,96.79,88.45,73.36,68.57,75.42,72.09,89.59,91.19,70.66,87.74,76.85,92.6,67.9,83.16
"120",67.16,75.93,99.55,80.83,69,83.79,88.68,91.85,71.24,75.84,69.25,74.83,79.12,79.57,89.19,96.15,69.19,84.69,70.92,78.4,80.57,89.65,98.06,82.15,69.88
"121",99.18,80.53,80.23,86.22,92.01,98.07,68.91,75.46,99.49,68.73,86.27,82.46,97.98,82.26,69.58,67.84,78.92,69.57,90.97,78.06,94.95,68.85,71.24,98.26,98.68
"122",98.51,74.43,91.55,98.87,80.89,75.82,71.45,91.26,67.18,69.03,99.75,92.53,97.8,89.09,75.33,85.35,86.62,75.31,67.93,92.33,72.9,72.58,95.07,90.04,80.96
"123",91.35,72.96,97.11,85.1,87.88,95.2,87.18,97.84,92.4,80.11,88.46,74.35,68.46,99.72,91.79,91.61,80.39,74.18,74.45,84.86,95.55,72.23,97.16,69.83,70.84
"124",67.67,69.84,93.42,71,83.72,73.66,84.87,69.44,67.87,94.19,69.09,89.2,97.83,74.83,75.52,82.3,93.89,76.35,78.72,71.19,82.87,72.83,81.07,72.12,79.25
"125",80.67,73.85,85.34,82.78,69.02,86.75,97.2,78.74,99.44,89.66,69.44,77.09,95.59,84.03,93.65,78.31,77.36,82.7,93.11,92.24,87.08,86.86,94.99,83.65,80.05
"126",78.7,98.69,83.03,95.14,85.45,78.7,97.37,83.07,71.68,98.98,87.99,82.01,91.53,85.84,80.2,72.09,90.37,97.09,71.88,93.8,76.58,74.16,98.09,89.96,83.99
"127",89.03,94.51,91.05,77.09,73.87,80.26,78.64,69.97,67.73,95.88,71.97,84.6,93.8,92.94,71.08,86.53,80.23,92.44,84.82,78.18,73.9,72.94,77.12,83.83,78.78
"128",85.43,68.06,95.47,83.79,88.52,80.4,69.14,97.31,89.2,81.7,81.87,98.32,88,86.93,98.55,85.62,75.46,68.31,71.4,88.68,78.83,97.89,98.41,96.87,89.3
"129",74.74,69.51,81.28,74.75,90.46,95.54,74.25,79.02,87.95,91.89,68.74,87.96,77.08,78.29,71.88,87.27,83.42,78.36,92.97,82.12,77.9,84.72,72.9,92.18,87.88
"130",79.09,68.19,86.59,83.57,99.39,81.64,72.65,86.06,89.09,72.31,79.3,97.56,76.66,91.17,84.48,79.49,95.17,72.47,90.85,89.43,68.79,73.55,86.07,81.37,95.76
"131",74.89,98.42,77.05,69.75,91.96,83.93,69.01,84.32,88.47,69.51,97.84,87.05,88.94,94.05,70.96,84.33,76.83,73.81,68.63,99,92.37,74.84,98.04,96.76,68.97
"132",69.63,85.17,75.53,84.12,76.51,69.45,75.59,74.21,72.78,79.39,81.07,95.67,77.18,70.4,84.32,68.96,82.68,79,88.42,98.8,89.65,73.36,75.95,85.08,94.45
"133",97.56,79.55,84.36,84.42,68.33,85.25,93.81,90.33,96.22,77.47,83.69,78.17,78.07,69.42,78.67,75.12,97.84,85.7,95.45,99.11,69.35,83.43,90.93,93.7,97.58
"134",88.42,67.86,69.36,84.71,95.42,80.88,69.7,84.55,93.01,78.22,70.53,86.32,95.96,76.13,89.2,98.99,75.84,89.36,83.78,87.49,92.85,79.51,79.85,91.6,73.65
"135",90.4,83.34,80.41,87.92,77.24,68.53,68.14,72.33,96.56,92.68,75.83,89.29,80.14,80.34,93.81,84.39,86.38,83.51,81.45,70.34,91.14,71.93,94.19,92.08,76.26
"136",86.91,97.72,75.97,88.83,80.51,77.18,70.72,81.47,92.17,96.53,90.64,69.52,89.68,87.51,92.21,72.82,94.4,67.64,97.45,85.82,83.11,73.23,69.41,89.01,84.26
"137",89.71,92.48,92.5,99.11,72.59,73.05,73.42,77.38,74.84,96.1,96.09,68.8,78.52,77.29,90.62,68.99,70.26,88.41,67.39,88.81,87.25,69.86,95.46,79.42,95.78
"138",96.9,82.09,85.1,77.1,73.8,75.61,70.26,91.61,77.76,82.82,81.84,91.23,93.71,90.91,93.73,89.63,84.49,75.1,75.42,76.49,92.38,98.81,84.58,82.3,79.45
"139",69.31,74.43,91.61,72.49,71.31,74.48,81.25,70.75,75.14,93.42,89.38,84.02,69.86,76.44,93.02,98.61,89.45,74.79,93.41,71.44,80.87,79.45,93.22,75.13,86.81
"140",78,67.5,83.95,69.14,94.19,93.79,85.71,82.94,82.54,88.3,84.34,67.94,68.31,97.55,88.28,80.91,93.05,94.61,67.15,90.67,83.04,72.99,90.58,80.42,92.94
"141",99.12,80.06,92.08,76.59,71.32,76.7,85.22,83.76,71.28,92.42,99.72,93.35,91.19,71.59,96.43,73.46,68.97,70.91,83.39,90.87,99.23,80.18,94.54,76.98,69.85
"142",82.52,75.1,80.74,95.7,90.11,90.14,82.11,75.1,70.05,69.12,97.7,90.85,95.58,91.28,80.31,95.48,93.24,98.87,96.99,82.31,85.95,91.27,96.57,85.82,96.71
"143",98.81,97.87,90.36,89.24,83.52,71.97,69.15,87.09,74.01,76.71,69.8,77.81,71.26,73.94,72.25,76.03,85.56,91.93,81.5,89.04,96.87,92.43,85.07,74.58,88.59
"144",90.97,81.15,69.85,92.15,87.82,99.22,68,89.79,80.25,90.66,98.42,91.31,69.62,89.33,78.51,76.76,75.77,80.22,96.72,69.17,87.01,70.91,73.98,82.23,74.89
"145",88.77,70.62,73.33,96.73,75.01,94.46,84.07,81.92,96.8,68.26,86.72,79.95,90.95,74.73,93.32,71.54,86.93,73.65,89.51,83.25,71.47,83.92,98.64,84.52,91.66
"146",87.85,94.39,72.9,86.11,74.59,69.13,96.98,80.62,87.86,72.03,97.52,94.14,90.01,90.4,94.56,86.61,81.27,99.32,93.57,95.01,84.25,94.08,78.88,90.17,73.11
"147",89.06,67.47,86.54,87.23,80.29,78.45,87.54,81.67,70.57,78.4,71.55,90.13,92.79,85.07,74.59,82.75,95.4,88.87,93.25,96.38,69.12,77.08,94.34,74.04,76.17
"148",72.96,93.24,78.08,88.93,73,84.97,83.69,93.05,80.42,93.81,77.04,77.42,73.98,69.43,90.41,86.12,77.73,84.77,76.87,81.14,75.59,72.48,70.38,78.11,89.43
"149",68.36,97.13,94.24,72.83,69.62,81.29,86.59,70.69,84.62,87.37,78.29,81.61,71.41,67.16,99.8,83.27,78.38,77.37,73.24,96.91,91.98,90.47,69.62,72.67,69.21
"150",98.05,82.28,88.73,81.45,74.02,81.67,92.33,70.56,87.11,79.37,97.02,90.85,71.07,68.35,75.51,73.36,77.28,79.96,71.26,90.4,89.99,85.45,78.42,83.78,67.41
"151",88.75,74.52,95.75,77.47,83.06,99.37,97.71,70.67,67.84,84.89,80.91,80.25,69.15,86.39,85.38,87.22,79.25,96.18,95.4,98.22,81.45,88.13,89.53,90.05,79.09
"152",69.88,75.24,90.27,68.61,96.65,79.96,88.17,95.2,82.43,82.95,84.57,68.16,98.44,73.7,89.55,98.67,67.46,69.68,92.55,96.58,84.49,77.06,75.54,93.42,94.8
"153",70.05,70.52,70.75,98,93.46,79.11,70.26,87.82,72.64,76.93,88.62,82.88,68.16,87.62,84.35,91.99,87.05,85.92,85.87,88.26,84.51,92.43,70.58,86.37,69.05
"154",82.02,92.61,76.16,74.37,90.29,78.34,97.83,80.96,80.37,99.88,69.46,88.11,94.91,79.8,94.12,90.08,83.05,97.83,98.88,79.08,68.01,85.41,72.93,73.71,85.51
"155",72.97,95.27,72.84,84.38,73.74,75.8,84.56,96.73,95.25,70.2,83.03,87.67,73.69,68.66,75.51,99.69,88.13,84.51,72.09,69.8,92.97,71.23,92.69,87.83,75.71
"156",84.81,84.96,90.95,81.71,91.06,86.88,75.22,70.05,81.26,70.82,87.84,74.51,85.97,96.16,70.09,68.7,74.27,91.33,87.31,68.09,85.81,70.7,67.61,79.79,99.98
"157",84.26,85.94,94.89,99.87,68.01,72.46,70.68,70.06,73.84,81.89,87.86,79.55,81.7,73.03,81.23,92.23,80.6,80.9,91.6,95.8,74.99,95.82,72.73,94.45,91.74
"158",88.33,79.1,91.32,81.13,83.27,95.95,95.87,92.89,84.06,75.21,98.38,95.94,84.41,99.74,86.8,74.87,74.71,95,73.49,72.11,71.72,99.74,71.27,68.41,83.95
"159",97.68,87.05,78.14,87.31,95.55,75.08,73.44,86.94,98.99,79.98,90.86,72.91,77.06,76.85,70.32,76.02,67.44,68.36,71.87,70.28,79.29,68.17,68.04,84.12,76.79
"160",68.74,92.98,74.86,70.32,95.04,79.3,86.83,67.79,67.27,70.11,74.42,85.53,83.24,69.35,87.86,68.63,80.92,70.23,68.22,71.73,72.05,72.27,89.92,84.74,86.45
"161",81.38,92.23,79.4,73.42,68.37,82.63,82.59,69.75,99.48,77.64,93.02,73.99,86.96,74.01,81.56,83.14,85.12,70.52,75.57,95.51,85.64,67.96,72.69,92.67,70.45
"162",89.18,80.15,71.9,98.04,83.97,83.19,95.24,82.69,78.92,69.83,92.64,75.71,90.85,89.98,81.14,71.68,84.13,96.47,98.82,87.82,87.79,77.98,67.92,97.69,72.56
"163",91.02,69.65,86.97,67.13,86.27,69.31,95.35,90.77,86.64,76.94,97.81,72.66,86.29,70.55,72.06,97.94,72.68,78.43,96.03,84.46,95.52,99.52,99.37,68.99,78.44
"164",91.67,74.17,88.43,90.34,97.39,97.41,78.54,70.86,88.63,92.1,70.65,85.28,99.59,96.17,85.87,73.8,71.16,97.7,81.4,87.87,99.26,81.93,94.81,80.93,92.18
"165",78.95,87.5,72.64,95.93,73.28,87.01,96.57,83.82,81.05,79.44,75.81,78.77,92.7,86.07,90.4,77.1,82.27,93.99,69.37,89,82.68,76.34,86.02,94.02,98.57
"166",72.64,81.06,99.85,98.91,72.44,90.44,91.41,76.66,77.8,94.16,68.99,88.42,97.63,89.61,72.69,71.33,76.49,85.64,94.07,87.47,69.32,81.76,95.34,78.74,83.04
"167",92.94,84.74,73.79,75.17,86.45,67.17,88.14,73.6,76.94,77.04,94.35,68.68,98.8,74.02,83.02,73.99,83.34,88.63,76.12,98.17,81.76,80.66,93.16,71.41,92.26
"168",78.14,74.49,93.91,95.5,89.94,67.91,76.1,83.62,88.93,73.08,90.48,76.04,91.69,87.48,95.76,79.2,79.5,90.9,96.06,82.38,77.19,78.55,82.53,76.51,80.67
"169",72.34,84.28,85.09,98.87,67.38,81.34,97.55,68.09,68.43,83.74,98.24,75.24,95.57,83.06,99.41,68.31,69.17,73.94,68.69,97.23,97.44,77.18,89.36,84.28,85.95
"170",91.06,95.78,82.21,67.92,75.89,69.51,86.32,98.25,90.86,97.19,96.76,85.72,99.64,86.82,72.53,96.6,88.11,98.74,89.91,73.43,96.52,91.41,98.83,83.28,76.15
"171",72.81,94.17,91.99,76.43,88.98,86.4,91.2,77.75,75.92,89.81,92.35,72.98,84.66,68.6,78.99,82.65,69.06,72.12,90.56,77.36,92.13,89.93,84.8,82.12,69.55
"172",96.92,83.65,68.65,90.45,86.39,78.88,70.47,87.02,69.97,69.28,98.57,76.71,78.8,90.65,73.25,97.27,80.1,78.82,86.99,76.26,73.03,90.4,88.77,92.94,82
"173",99.39,98.96,70.17,71.47,84.43,98.15,82.94,98.02,67.8,84.59,72.8,95.97,68.14,75.98,87.9,74.48,68.94,83.7,81.64,81.13,70.88,67.67,81.8,99.44,75.48
"174",98.66,97.38,98.99,73.18,71.23,89.4,97.52,77.36,79.58,69.42,67.59,97.37,88.05,86,79.43,81.62,70.72,76.38,96.98,76.81,86.69,89.49,89.86,94.42,85.7
"175",88.45,90.09,82.08,88.92,91.76,91.6,84.57,71.84,75.59,99.37,98.22,88.56,79.9,80.28,77.83,85.19,88.02,76.23,97.61,84.18,70.25,69.42,80.55,77.99,87.79
"176",71.04,98.49,71.74,90.27,73.65,82.19,95.07,90.22,88.91,93.49,88.95,77.75,67.54,97.04,87.93,97.7,94.59,85,73.98,75.03,76.84,95.23,97.61,78.34,68.94
"177",69.63,97,78.74,97.44,91.27,77.3,68.79,82.57,92.73,91.74,68.03,72.36,73.6,73.39,91.67,87.97,84.45,67.33,85.68,98.23,71.39,87.33,92.65,67.85,84.09
"178",92.49,78.87,77.1,79.69,70.56,88.06,87.96,73.23,91.32,83.46,86.82,81.61,90.74,67.23,78.68,90.18,99.33,98.32,98.51,71.44,87.61,70.39,84.81,78.88,80
"179",90.83,69.6,95.97,67.15,73.7,97.88,73.27,72.42,92.47,67.56,87.69,79.55,75,96.34,84.37,86.38,98.38,83.6,87.84,73.96,79.45,80.43,83.06,96.17,82.17
"180",97.08,89.03,89.42,98.06,84.5,94.19,93.8,96.95,84.48,72.02,84.53,90.65,95.37,86.97,77.1,91.56,83.42,80.46,87.86,70.64,77.32,86.56,94.83,88.41,98.31
"181",86.98,88.24,81.07,80.13,71.65,78.32,99.69,80.16,86.58,86.86,69.49,78.48,90.66,84.4,89.86,69.29,75.84,74.84,93.87,96.86,86.35,99.86,73.51,83.02,82.9
"182",99.51,83.61,88.16,71.19,96.98,71.64,73.21,98.83,81.84,99.2,98.82,94.82,90,89.67,77.81,80.79,69.28,77.43,97,82.64,93.07,74.9,80.95,83.17,87.38
"183",75.26,88.03,80.33,74.7,93.36,87.6,97.31,93.63,75.13,85.96,67.08,81.05,84.37,88.76,69.08,89.39,84.79,72.05,92.58,76.62,97.78,73.64,81.96,72.67,86.68
"184",96.49,72.66,72.52,86.9,71.62,75.44,84.51,84.46,75.44,74.32,83.24,97.09,86.95,98.28,83.76,91.66,93.8,74.54,83.11,75.64,99.34,98.19,73.57,70.48,73.81
"185",69.76,72.79,96.53,80.32,88.86,71.41,88.5,83.97,87.15,81.14,91.11,70.81,68.55,68.24,83.02,86,78.08,81.03,75.32,69.05,79.54,99.17,89.59,91.34,70.52
"186",83.84,80.24,70.55,67.31,84.52,75.76,69.29,75.07,84.5,68.9,68.78,76.39,77.24,78.28,83.48,75.49,86.17,73.42,74.75,78.06,76.85,72.41,99.05,70.31,90.06
"187",88.37,73.87,83.45,94.88,72.42,87.08,80.6,96.61,69.38,86.65,97.17,95.11,75.1,77.96,87.54,98.6,95.22,99.2,82.39,80.53,85.19,81.44,69.31,95.31,90.45
"188",84.24,67.26,77.75,76.98,84.4,95.66,69.55,68.99,76.79,67.42,79.82,69.82,88.5,70.53,94.64,89.59,68.96,95.08,81.84,98.45,75.76,78.2,69.51,82.26,85.6
"189",78.42,71.13,73.5,67.04,84.46,88.25,69.87,85.92,74.24,85.82,87.91,83.55,71.68,86.87,68.37,82.24,96.5,76.37,84.51,99.12,69.67,82.87,67.31,96.83,85.02
"190",80.77,78.86,84.49,81.18,94.63,81.85,98.93,89.43,80.15,75.95,82.28,74.58,69.53,75.33,94.17,71.15,90.75,85.35,72.88,98.27,68.58,85.28,95.32,83.14,89.81
"191",71.42,78.66,93,86.89,82.93,99.17,76.2,68.96,94.14,79.38,80.9,89.71,71.42,77.8,77.65,72.49,93.89,87.05,88.64,87.68,71.94,99.85,83.79,71.66,67.59
"192",82.52,68.1,80.06,95.58,79.64,96.2,80.23,83.49,80.62,99.08,77.07,84.25,68.55,96.88,97.45,77.92,96.08,67.49,78.74,69.65,96.62,77.26,88.58,73.46,71.62
"193",88.28,75.06,69.65,68.21,92.3,76.46,96.89,73.55,95.24,77.22,97.95,86.12,74.31,70.14,98.55,91.98,85.06,79,75.63,67.42,99.9,69.02,70.83,77.59,82.36
"194",95.7,78.31,79.47,89.01,82.97,86.64,73.13,93.71,70.57,98.21,78.09,67.98,79.09,79.96,87.83,86.81,79.89,85.32,98.02,79.71,75.16,68.68,89.95,75.77,68.82
"195",84.17,80.94,70.55,82.58,72.84,85.55,78.48,83.59,69.33,86.84,90.41,81.03,79.92,70.44,70.38,77.11,70.02,72.2,78.91,73.43,71.9,75.08,95.27,71.9,97.5
"196",77.97,81.48,80.53,68.14,80.73,67.64,70.28,89.63,68.89,84.05,86.86,92.41,72.32,68.57,80.08,85.95,96.63,72.16,71.91,91.38,87.36,87.42,93.75,98.37,88.26
"197",85.02,75.27,98.25,87.36,96.54,67.18,79.95,86.4,72.96,77.94,72.1,76.67,98.69,91.81,75.66,86.81,89.77,75.87,71.29,86.65,70.92,74.69,77.11,84.96,94.04
"198",82.61,83.62,83.09,84.02,98.3,79.18,88.89,74.58,73.98,71.98,90.1,83.6,67.92,78.68,70.4,86.67,77.93,84.87,93.09,69.32,80.04,84.18,84.84,73.67,73.59
"199",86.42,93.58,68.9,85.38,75.72,73.03,84.13,82.88,74.71,98.31,91.39,97.2,96.9,72.03,98.9,91.32,70.3,99.55,91.63,93.73,97.59,74.52,67.75,98.31,73.27
"200",87.36,97.55,88.5,85.07,73.93,77.09,87.45,69.85,99.14,94.3,83.69,95.63,97.51,80.04,95.56,68.12,94.99,98.15,78.91,68.77,83.46,69.41,75.74,99.46,71.12
"201",85.87,84.79,84.58,79.43,87.19,75.54,86.88,87.77,93.85,98.78,79.05,71.05,72.17,90.78,93.62,86.85,97.25,71.74,82.79,89.32,81.22,72.34,68.9,93.62,97.52
"202",81.1,99.34,73.74,83.01,86.16,74.41,92.43,77.64,99.79,79.98,71.34,91.65,79.71,86.01,93.12,85.26,68.28,79.35,89.03,67.21,76.92,68.42,82.89,71.3,91.06
"203",93.32,76.57,69.04,71.77,77.51,77.09,72.24,94.25,81.59,89.22,68.16,68.39,91.05,71.49,69.37,99.17,99.32,69.57,99.81,72.89,83.28,90.73,96.86,73.94,71.4
"204",98.03,95.4,94.17,71.2,95.74,81.2,96.16,92.49,82.48,79.74,89.94,91.2,88.5,76.41,75.49,97.86,76.41,83.56,77.4,89.59,88.02,93.13,67.77,74.79,83.84
"205",78,74.43,75.48,93.93,95.23,82.93,89.84,70.21,88.57,80.23,72.92,88.62,76.3,73.3,73.26,97.97,73.19,83.85,68.52,83.58,73.1,91.25,73.18,87.61,70.5
"206",70.45,77.39,96.93,89.71,76.01,92.15,94.33,80.53,70.68,81.91,74.53,74.22,92.43,91.25,89.97,73.9,87.86,71.15,71.55,77.9,87.59,70.86,87.84,74.36,97.21
"207",89.19,79.85,83.54,67.73,86.46,91.41,97.91,73.06,86.61,96.85,94.55,97.88,79.86,89.73,80.76,85.64,94.24,79.98,69.76,90.1,69.97,73.24,72.3,82.15,72.46
"208",95.38,86.9,81.2,73,69.07,83.2,86.54,87.98,81.86,71.32,88.42,82.13,82.41,96.99,95.05,97.91,71.13,76.61,90.78,92.43,72.93,85.06,85.44,80.34,82.96
"209",83.44,94.6,67.03,74.69,91.4,95.64,96.01,77.1,98.63,98.68,97.88,96.01,94.93,83.25,71.42,67.68,94.46,99.24,72.58,96.42,80.06,84.18,77.26,81.51,72.42
"210",75.94,89.71,99.93,77.36,77.71,77.51,76.94,85.92,83.42,99.58,74.95,94.79,76.28,98.33,97.42,97.65,74.98,81.93,96.28,90.65,77.56,75.28,99.35,98.18,69.91
"211",82.13,89.18,89.24,92.02,78.37,74.85,75.84,75.12,83.32,68.93,98.14,79.62,93.54,82.44,87.91,69.88,73.81,76.9,78.82,74.94,72.72,81.95,75.44,88.06,98.62
"212",71.64,67.4,97.12,78.34,80.34,74.71,70.3,93.61,83.77,85.33,90.8,99.33,95.08,95.24,84.79,98.13,82.39,92.85,87.16,70.96,91.62,71.49,93.02,78.28,87.46
"213",97,74.24,75.42,69.31,90.28,71.97,73.41,91.33,87.06,70.61,98.57,77.05,87.27,77.73,79.5,82,87.2,80.72,68.47,72.14,83.98,89.17,70.45,79.23,93.93
"214",95.01,88.54,94.43,87.28,83.71,92.07,82.28,87.49,72.3,84.24,68.95,86.76,69.29,92.23,86.9,99.01,67.01,96.59,92.09,72.71,82.63,95.02,87.56,76.99,74.42
"215",67.07,79.9,83.92,70.93,93.97,88.82,83.96,73.65,86.37,91.22,88.8,67.89,70.34,92.04,96.66,91.84,98.61,78.93,85.17,82.02,89.23,81.18,95.22,77.06,99.9
"216",89.07,78.26,94.89,85.36,81.02,70.8,95.96,85.29,68.77,71.78,78.54,88.33,83.82,75.7,86.35,79.16,95.71,94.15,74.59,88.93,70.97,87.72,83.66,97.18,88.22
"217",95.45,96.13,73.12,89.64,79.73,94.22,76.75,96.89,96.31,84.6,99.77,72.62,98.2,79.87,84.63,75.66,97.94,70.62,90.55,78.73,98.04,96.3,86.05,71.21,73.8
"218",78.54,73.35,67.71,80.11,86.63,86.33,85.01,76.28,67.11,69.35,76.43,69.54,75.31,92.71,88.01,88.53,69.86,75.6,85.9,79.64,92.72,79.76,81.4,79.37,86
"219",92.26,68.26,89.11,91.18,73.95,82.49,72.51,81.98,86.88,74.19,80.34,75.11,69.38,97.67,92.25,69.76,79.02,94.16,91.77,73.91,79.25,99.9,73.81,87.64,88.77
"220",84.8,86.85,96.92,93.92,93.64,87.5,92.85,67.5,92.59,86.92,87.38,82.1,71.5,70.94,86.86,79.13,94.89,76.74,92.56,77.39,74.47,73.41,99.03,70.75,84.9
"221",86.91,91.84,71.23,88.58,79.43,96.34,80.71,87.94,98.77,84.1,70.31,79.96,92.02,89.84,95.65,96.25,81.01,99.3,89.26,87.98,79.63,86.41,78.79,91.26,72
"222",77.14,74.79,99.96,77.93,77.65,91.95,68.36,68.68,80.77,85.54,90.32,68.86,67.53,85.33,97.03,97.77,96.65,91.39,94.54,90.69,67.04,72.36,80.36,82.95,85.95
"223",89.5,92.05,91.34,98.14,68.19,74.35,82.9,72.51,79.33,67.55,93.83,71.3,70.38,94.96,91.83,86.43,77.26,73.13,84.93,96.66,87.96,79.33,97.34,76.23,91.99
"224",98.73,94.2,91.63,99.04,78.58,73.16,76.46,92.48,81.4,82.94,75.35,77.98,91.85,70.59,78.47,80.38,70,73.11,91.55,74.13,90.64,72.09,87.22,85.09,85.8
"225",71.9,67.18,80.51,97.28,70.08,82.56,72.55,78.13,68.49,76.7,83.74,83.07,77.04,99.54,81.49,91.54,84.38,92.06,76.16,76.67,71.8,95.06,87,78.46,83.39
"226",96.3,88.7,90.57,88.07,69.7,75.84,74.95,67.68,69.06,92.14,90.64,68.32,85.61,84,74.52,79.12,86.04,90.35,83.17,97.07,89.68,90.29,86.22,92.9,90.94
"227",96.32,68.11,70.1,92.38,75.16,79.63,73.68,67.57,72.97,67.42,70.75,88,87.91,95.27,98.52,74.66,73.96,83.01,70.65,84.01,98.3,91.55,74.74,75.99,98.75
"228",91.81,92.64,71.94,86.19,98.5,69.03,78.09,85.93,95.8,81.69,73.97,75.88,92.15,84.16,70.49,85.86,73,81.04,78.79,69.52,88.38,83.58,93.33,97.33,92.11
"229",93.44,91.47,76.94,86.12,71.9,88.94,95.36,72.9,91.07,67.62,89.9,96.19,74.67,78.93,77.13,99.81,83.9,71.86,84.7,88.14,95.01,68.91,95.15,89.54,67.74
"230",72.2,67.69,81.58,77.42,92.31,89.05,80.73,90.42,76.54,69.44,88.2,91.23,79.82,85.27,71.6,95.86,88.17,97.82,67.01,69.51,92.77,73.83,83.39,67.12,92.55
"231",86.15,91.96,75.47,67.64,70.14,79.72,87.19,91.75,70.58,75.72,82.42,98.53,73.69,92.7,98.31,92.97,79.88,96.72,70.06,88.88,75.91,68.64,76.91,68.22,99.95
"232",92.58,80.24,75.75,70.21,74.1,92.1,90.62,81.36,96.89,80.85,73.6,97.49,95.9,98.24,95.82,95.13,69.65,79.37,84.89,88.77,73.78,92.1,73.67,70.34,78.42
"233",75.5,81.9,90.29,90.75,97.04,91.78,99.85,86.87,93.59,68.59,74,73.49,79.58,97.35,89.16,92.33,78.82,91.43,94.79,87.1,77.3,72.82,80.23,72.2,75.01
"234",99.56,78.97,77.72,97.7,91.48,82.99,97.43,80.03,82.71,83.5,72.83,90.18,81.2,67.39,72.5,76.8,78.34,90.78,88.94,99.71,68.11,96.41,88.99,74.35,96.65
"235",96.72,84.55,89.93,73.18,85.19,91.89,95.11,98.53,99.22,96.11,92.95,88.28,71.63,88.29,68.17,97.91,81.3,94.86,99.64,68.91,83.01,77.43,81.2,88.02,73.07
"236",81.34,73.63,94.06,95.8,82.8,93.49,94.48,92.99,86.48,99.31,75.28,72.89,74.33,82.38,99.89,89.19,69.23,89.76,77.9,68.66,79.61,75.52,85.81,87.46,89.98
"237",90.82,94.89,88.38,79.92,71.19,80.2,86.64,86.99,96.51,86.57,91.76,97.98,91.36,78.07,94.87,93.74,89.13,69.47,85.72,81.98,98.58,70.41,92,76.04,68.79
"238",94.01,70.8,81.14,73.74,68.14,73.48,76.12,91.19,78.65,70.24,78.18,73.15,98.46,84.1,99.58,70.05,84.47,79.98,93.19,84.95,75.21,99.75,96.99,85.1,98.31
"239",68.49,98.77,99.2,83.68,95.57,76.45,79.2,84.79,94.34,96.23,84.1,83.75,98.32,69.01,99.47,92.51,96.2,93.37,83.69,76.27,89.11,89.05,93.18,77.52,70.77
"240",90.68,69.79,89.99,76.74,78.14,96.6,80.45,80.76,90.69,93.97,97.68,92.11,96.67,75.12,97.7,83.49,69.68,79.31,74.14,72.17,90.3,80.16,92.93,92.76,69.52
"241",95.91,96.95,68.71,94.76,82.45,80.78,96.07,68.21,74.66,86.87,95.93,97.39,79.37,80.37,97.85,92.78,83.97,80.21,82.92,94.3,71.98,96.66,91.01,83.69,94.73
"242",77.04,81.19,79.18,93.74,98.89,89.35,93.24,87.79,77.22,71.32,70.37,82.02,71.13,73.24,85.88,86.33,69.11,69.4,78.85,95.12,92.71,92.11,83.54,96.49,84.88
"243",72.67,84,98.66,94.8,79.26,98.05,73.05,73.47,89.4,82.31,68.22,72.3,73.42,69.72,84.57,97.46,90.07,91.53,81.87,80.22,77.98,94.89,67.82,72.85,93.67
"244",67.95,71.02,75.91,82.95,93.99,90.87,85.72,87.49,75.52,79.75,92.84,83.29,97.62,84.93,87.24,70.41,69.44,93.02,69.89,99.9,82.72,74.27,93.87,96.25,81.76
"245",79.36,71.52,74.53,84.36,67.59,95.02,99.4,80.28,82.15,79.8,87.63,96.26,92.15,88.28,93.39,77.44,85.8,73.36,89.66,92.99,80.71,89.68,91.41,68.47,68.68
"246",76.4,81.44,87.21,94.43,94.6,96.24,89.09,84.58,82.09,73.54,99.66,78.63,69.37,95.03,78.51,82.67,98.96,90.66,91.61,73.98,72.5,83.85,95.01,69.77,77.25
"247",88.89,99.8,91.55,69.76,77.14,82.02,90.08,68.44,82.33,76.01,86.28,73.36,84.43,87.38,91.21,71.54,84.86,71.81,93.1,99.17,95.19,91.86,89.09,71.17,79.92
"248",67.93,74.45,74.55,85.7,80.29,83.49,83.5,69.81,93.22,80.98,86.59,80.07,72.57,81.78,74.77,74.58,79.77,68.23,75.72,84.79,94.23,69.67,86.64,79.46,70.46
"249",74.12,81.28,88.85,92.6,95.76,97.41,76.83,83.45,91.35,91.68,95.81,93.66,93.99,79.23,83.63,67.72,92.69,77.9,97.62,89.82,84.45,79.34,77.04,82.12,76.64
"250",82.72,86.15,88.34,95.35,73.13,97.92,94.96,84.95,79.49,91.34,70.86,72.57,84.67,93.85,73.63,95.69,77.26,91.97,70.96,68.22,75.7,70.78,81.03,97.55,88.79
"251",81.78,83.68,86.75,80.77,70.89,87.64,91.73,77.7,68.8,73.32,97.67,99.65,68.46,73.92,77.91,91.15,72.82,91.83,94.52,74.81,92.55,86.83,83.1,67.71,99.68
"252",94.16,82.87,78.52,77.84,92.7,70.9,73.19,76.28,95.94,71.46,74.48,90.05,75.57,96.52,94.58,76.04,69.45,85.59,68.09,74.03,92.41,98.89,94.73,72.58,85.87
"253",78.97,87.58,96.21,83.46,83.41,94.81,99.25,97.28,97.9,73.64,87.77,86.26,95.79,77.99,84.63,77.31,97.19,92.88,83.18,78.54,94.19,74.03,79.43,94.18,77.96
"254",93.31,72.78,72.86,81.68,93.14,73.51,67.78,95.62,86.16,69.55,90.07,87.25,86.92,76.97,71.46,98.7,88.33,99.69,74.59,86.26,70.3,84.71,77.67,86.71,67.8
"255",97.85,91.57,98.97,68.13,86.65,90.24,94.49,76.37,71.19,69.13,99.68,98.49,70.15,96.9,99.38,90.22,75.53,67.48,86.46,82.85,82.76,85.11,98.47,83,98.56
"256",78.36,71.49,67.72,76.71,82.37,96.54,92.49,78.98,72.91,70.25,97.57,76.16,88.99,85.6,83.63,70.03,93.27,98.87,81.62,78.78,72.61,72.65,77.26,68.18,96.09
"257",90.09,76.81,95.34,84.37,79.41,73.64,69.44,67.11,91.95,71.13,88.47,70.03,80.3,83.87,81.12,72.42,81.97,70.22,76.19,79.6,94.65,87.41,77.35,96.92,90.78
"258",90.79,68.58,70.78,72.96,73.89,70.69,77.43,94.8,82.77,90.25,78.31,98.67,78.55,86.92,69.66,68.18,67.15,87.95,95.97,73.71,95.94,72.36,93.85,80.89,78.9
"259",86.1,79.32,68.84,89.89,67.46,81.27,98.91,72.43,97.68,85.23,93.94,73.78,99.09,91.8,97.36,78.46,87.12,92.23,90.35,69.64,97.45,69.24,78.59,92.4,79.5
"260",72.1,76.67,96.7,87.69,77.76,90.4,70.19,68.62,96.68,92.36,80.69,92.58,81.47,90.91,96.74,79.51,89.79,95.01,90.92,69.27,77.06,90.17,77.38,78.44,79.53
"261",73.31,73.83,89.64,67.85,74.1,72.66,69.44,86.03,71.82,73.69,67.87,91.35,85.87,87.39,94.17,89.55,83.97,98.58,77.61,96.54,70.46,97.47,77.23,89.66,74.95
"262",67.97,74.14,70.28,79.29,85.1,97.02,75.24,87.96,75.72,80.3,96.99,71.23,92.77,98.63,76.73,82.51,86.84,69.31,82.83,72.21,98.84,83.65,99.86,77.76,74.64
"263",84.14,92.02,72.1,72.18,84.9,70.49,87.14,83.17,78.5,78.54,75.69,80.76,95.12,92.53,73.88,83.13,81.93,86.2,90.23,83.55,95.1,85.58,98.5,92.22,91.19
"264",77.26,79.36,77.91,85.02,67.41,95.88,68.6,94.45,68.29,78.31,71.29,94,91.56,79.64,69.48,96.93,88.57,85.89,87.7,80.22,91.49,73.77,69.34,87.2,81.15
"265",85.66,74.44,83.73,97.07,70.64,97.42,84.96,90.37,77.69,80.61,97.31,71.18,67.54,91.91,83.55,80.32,97.21,86.49,87.09,94.06,82.69,89.91,85.49,76.98,93.76
"266",87.59,72.55,69.29,78.86,89.19,88.91,85.96,73.6,89.11,70.26,99.51,84.14,73.29,71.01,77.15,69.34,69.12,74.68,68.26,74.37,77.65,83.53,99.42,72.64,68.77
"267",76.41,97.43,68.67,86.47,80.57,84.51,99.71,93.81,67.48,79.68,91.81,99.67,91.45,86.99,85.19,84.71,91.82,78.95,85.61,93.71,84.6,75.48,70.56,76.27,85.58
"268",90.8,86.96,96.35,87.49,98.92,77.2,95.94,82.19,79.31,81.38,68.58,79.69,88.96,72.23,90.33,90.61,90.13,70.98,90.49,81.09,84.63,72.49,82.26,69.19,89.26
"269",80.32,98.98,78.73,70.53,79.29,92.09,98.12,85.12,79.48,97.24,70.51,94.3,97.5,82.62,71.45,67.79,82.62,67.7,78.37,77.4,92.25,98.55,88.7,89.27,96.5
"270",69.21,85.73,86.74,98.91,82.43,85.24,72.13,69.18,80.39,91.09,90.25,78.31,90.71,82.56,80.25,85.73,68.46,86.19,91.55,85.38,93.51,94.54,67.58,92.99,67.98
"271",88.95,90.88,79.96,98.3,67.7,91.85,75.47,79.2,84.95,84.72,90.9,84.74,80.25,94.91,89.32,73.55,69.93,83.97,67.42,97.48,90.79,85.56,76.88,96.62,98.9
"272",82.58,70.26,67.32,85.82,69.15,84.13,68.64,81.28,68.47,89.59,78.43,68.65,70.38,93.05,76.6,77.02,96.37,68.56,88.71,81.45,79.83,94.98,91.62,67.11,81.54
"273",68.49,93.47,96.77,82.94,87.6,83.56,85.76,75.76,76.72,84.19,88.07,81.31,77.57,68.77,98.1,96.82,85.14,71.59,73.74,67.9,87.64,89.64,92.92,93.43,99.41
"274",77.1,91.36,85.61,72.52,98.96,72.81,94.03,84.06,95.15,86.43,83.49,93.66,78.82,71,87.03,76.76,89.95,78.01,82.9,94.76,70.48,83.37,96.87,82.12,78.48
"275",79.01,91.52,84.17,93.93,70.23,77.04,85.41,95.12,82.5,85.14,79.2,86.92,88.17,94.79,74.47,69.58,71.87,75.38,89.02,69.31,88.71,88.04,96.86,72.89,72.01
"276",94.19,98.03,99.35,80.57,88.84,75.51,70.9,72.33,90.24,96.02,95.2,80.23,99.02,72.79,98.22,79.61,99.12,83.23,82.96,83.78,99.95,87.93,87.83,96.21,67.98
"277",88.87,69.07,74.04,98.03,97.18,75.62,93.77,87.11,87.87,84.1,84.12,96.02,89.39,92.65,96.62,73.12,90.36,83.15,96.26,84.35,76.93,69.19,73.82,89.95,70.49
"278",97.11,70.62,93.26,92.2,98.63,82.01,93.88,96.32,92.28,91.85,91.49,88.6,90.39,78.29,80.7,73.11,68.53,85.69,76.57,85.92,71.42,75.75,75.12,92.9,71.24
"279",93.9,72.52,67.57,71.22,79.24,83.43,75.7,87.95,94.42,96.61,81.91,74.5,98.32,91.82,80.53,89.7,85.1,78.93,98.83,79.84,71.52,75.19,77.28,98.24,74.7
"280",76.34,75.99,75.05,80.77,75.44,86.59,71.9,78.8,78.26,99.11,89.29,87.88,74.06,81.23,94.25,94.76,73.84,76.29,70.93,74.84,95.74,92.09,74.92,97.48,78.88
"281",98.1,96.11,99.85,97.9,69.84,71.07,82.29,70.12,68.42,75.27,98.56,87.53,69.05,86.92,93.09,79.73,85.53,99.54,91.06,80.66,77.99,77,69.02,67.39,82.32
"282",90.84,93.44,74.05,79.24,76.79,88.99,93.98,85.34,84.55,90.9,73.24,88.12,93.2,93.56,77.83,89.37,97.87,74.72,81.56,80.07,89.68,72.19,80.79,89.49,70.18
"283",77.52,83.43,91.5,86.36,84.86,93.3,99.14,97.37,86.23,94.3,81.21,74.33,88.28,84.39,80.82,74.23,68.99,88.43,82.81,87.5,81.17,69.51,89.59,90.14,81.14
"284",95.35,89.1,71.48,71.58,76.09,98.47,83.47,72.39,78.42,90.79,92.95,88.76,90.5,84.22,90.05,97.01,95.62,86.87,95.68,95.33,75.85,67.55,74.95,96.28,98.28
"285",69.8,89.49,90.32,75.06,72.11,83.33,99.73,89.24,80.09,97.35,89.57,87.84,90.91,91.52,88.6,80.98,70.24,87.62,78.24,67.24,76.29,70.26,75.64,90.36,75.04
"286",85.15,73.05,90.54,82.8,78.77,90.34,80.29,93.01,88.61,78.08,87.94,86.09,80.95,83.32,94.7,97.25,72.53,97.34,93.42,73.88,69.14,87.35,80.93,94.22,76.45
"287",88.66,88.63,87.87,73.5,89.96,76.91,93.35,85.83,92.18,87.51,86.92,97.81,92.79,93.99,93.34,86.38,86.82,77.3,86.11,87.14,95.06,69.13,79.33,82.24,83.85
"288",83.93,88.64,74.28,89.11,72.5,80.33,77.25,89.06,99.54,68.14,90.63,99.75,71.24,96.05,70.27,88.62,92.53,82.37,84.54,69.35,94.36,99.98,90.46,90.82,84.18
"289",88.25,97.29,83.02,99.61,67.77,79.48,76.44,73.84,91.15,70.86,77.3,67.85,92.23,77.16,77.24,80.39,89.57,88.45,69.92,92.42,67.75,88.01,88.31,73.76,98.28
"290",72.98,99.35,98.99,93.39,74.43,97.61,88.66,77.03,82.19,72.84,68.3,98.53,97.62,99.5,88.03,69.88,69.86,96.85,69.63,80.18,68.76,83.45,79.85,81.72,95.52
"291",69.33,94.84,96.59,69.94,88.29,70.55,93.02,86.71,71.83,99.16,94.97,94.35,87.4,79.72,70.93,87.45,96.82,84.09,86.5,98.35,89.47,75.85,74.63,69.55,71.26
"292",81.89,95.04,92.77,96.49,90.84,93.16,67.2,78.72,75.86,88.49,74.25,77.32,83.46,99.75,89.24,69.2,90.94,86.16,77.01,69.68,97.55,89.64,72.68,82.95,70.38
"293",96.7,77.64,98.18,94.94,80.1,67.95,74.7,99.11,67.87,95.48,95.77,92.69,68.1,86.6,87.22,96,95.03,94.19,86.56,92.87,99.65,82.33,69.67,80.63,87.93
"294",76.2,98.43,84.94,71.34,87.3,94.91,86.57,77.06,74.81,88,81.04,86.89,81.2,99.76,69.18,71.52,68.03,72.9,81.07,90.26,97.37,84.33,67.76,73.33,85
"295",82.95,97.79,81.88,93.66,67.79,85.96,85.32,99.92,83,86.84,81.5,80.41,78.85,85.78,92.91,79.1,78.48,75.46,70.7,92.51,79.68,98.88,96.35,72.04,78.8
"296",69.7,79.44,71.87,75.33,77.9,94.5,89.7,88.5,76.27,99.01,79.67,86.87,99.69,93.25,97.95,67.09,76.21,94.62,80.16,77.14,88.14,83.86,98.05,80.65,72.12
"297",93.19,85.88,81.23,93.05,73.38,71.68,99.29,88.62,87.41,73.17,87.64,73.68,70.03,97.74,69.94,91.09,95.86,74.98,84.26,98.84,96.03,95.7,69.62,80.53,91.78
"298",74.44,70.74,75.23,76.5,82.3,94.69,93.25,96.05,67.59,80.87,75.1,77.71,67.18,72.8,80.67,69.54,78.16,85.75,79.93,87.79,81.37,99.13,93.37,83.99,92.32
"299",77.49,90.27,89.95,73.16,72.44,88.42,90.1,88.9,79.41,92.6,90.01,81.7,84.12,94.22,79.59,69.9,92.77,67.61,71.06,95.08,81.76,76.7,76.73,82.93,76.16
"300",84.56,78.51,72.69,97.95,86,77,74.06,80.76,86.25,85.79,74.06,69.52,93.75,74.33,95.95,68.56,85.89,82.49,85.59,73.73,94.38,92.61,88.6,81.76,82.67
"301",70.69,88.7,84.01,90.8,90.46,80.63,94.73,68.85,79.32,90.79,99.24,73.11,93.31,97.29,88.6,80.93,95.49,74.59,90.57,76.68,81.49,91.95,74.55,72.67,91.06
"302",82.32,72.13,87.53,96.85,91.65,81.13,85.43,67.04,76.03,74.61,77.71,85.35,94.11,72.27,83.67,72.2,96.81,98.18,69.76,74.11,99.25,93.39,88.23,93.2,91.76
"303",91.7,68.3,99.94,69.52,72.29,91.37,74.35,93.97,68.39,87.92,93.24,78.35,85.89,87.74,88.95,78.49,69.28,93.76,98.02,96.64,91.67,93.77,67.96,68.27,81.49
"304",92.57,87.7,90.77,91.31,88.36,94.02,90.43,89.09,71.74,80.36,94.25,76.71,95.24,82.25,86.48,68.75,69.13,67.92,82.16,82.33,83.53,90.41,83.27,82.54,80.13
"305",91.18,68.45,69.36,71.84,79.11,72.29,95.87,89.79,74.31,84.76,71.27,91.27,91.16,89.63,72.01,88.57,80.98,95.18,87.52,68.54,68.78,89.02,81.3,79.92,70.85
"306",81.45,78.73,74.75,80.48,97.53,93.96,80.94,77.45,78.35,85.82,93.16,78.56,71.04,74.35,88.2,77.54,67.24,95.45,90.07,78.88,98.07,71.09,86.42,86.26,91.59
"307",80.92,76.64,82.97,78.53,83.1,86.54,73.42,90.8,93.81,89.58,96.01,72.39,78.37,82.08,75.3,98.69,84.23,74.65,70.75,83.42,67.1,81.39,83.33,99.76,72.6
"308",67.33,91.6,97.1,83.45,71.65,87.58,98.47,81.48,91.67,72.18,69.87,97.98,76.15,85.6,67.08,94.83,75.37,73.44,93.69,93.97,77.77,97.94,70.06,90.13,86.3
"309",79.6,82.61,90.49,76.67,71.72,81.52,92.52,68.91,98.57,89.66,96.58,96.97,92.47,93.28,69.87,79.86,80.51,89.08,74.42,91.65,96.25,80.42,98.53,87.04,95.93
"310",94.15,84.58,95.24,70.4,70.5,99.16,69.87,95.68,78.27,73.55,97.32,92.78,69.67,87.31,82.87,81.01,71.88,80.33,71.28,72.92,87.7,92.46,75.31,98.98,68.96
"311",94.46,73.83,97.44,84.89,91.08,90.33,94.33,93.72,91.52,99.84,70.04,88.01,88.34,79.88,94.94,80.99,83.18,94.86,69.51,87.09,74.68,75.08,88.91,86.15,99.08
"312",98.42,84.64,89.58,87.71,92.34,93.6,85.2,90.64,76.83,81.6,83.82,68.3,82.37,68.92,95.86,82,87.08,67.12,76.06,70.17,88.72,94.63,95.7,82.06,90.76
"313",83.55,68.41,87.02,84.53,69.59,70.89,87.81,67.9,74.99,70.46,81.67,70.52,87.02,70.6,76.41,75.02,91.22,81.29,84.08,95.76,86.9,84.1,72.82,81.62,69.93
"314",77.49,74.2,67.27,77.03,95.97,81.22,82.36,85.57,89.57,71.2,84.42,83.96,96.23,94.23,98.02,81.65,89.41,79.67,87.93,83.81,72.43,73.16,81.49,98.8,90.16
"315",94.45,70.15,81.76,89.11,79.49,96.68,91.01,80.84,92.04,93.39,94.42,71.91,76.11,90.07,77.05,79.04,79.93,69.31,76.73,90.84,92.15,73.22,95.62,81.74,94.17
"316",95.58,91.1,82.57,93.65,89.9,78.09,75.44,68.07,98.08,79.58,90.32,80.81,73.27,75.34,70.82,82.97,98.9,71.77,89.37,77.06,76.02,99.02,94.55,90.95,79.3
"317",95.12,80.73,93.39,70.64,70.19,75.97,93.85,84.31,89.22,99.46,75.65,82.04,82.01,93.48,84.44,94.02,77.43,81.37,77.05,79.12,84.21,81.91,99.07,92.42,73.06
"318",94.91,80.49,96.16,77.2,88.92,79.3,72.74,77.59,78.23,86.36,74.31,70.86,82.98,67.7,72.09,98.73,88.83,67.5,83.16,78.99,68.22,87.26,88.61,88.26,70.23
"319",77.78,78.31,70.85,84.55,99.36,93.27,98.16,99.28,89.95,88.95,72.42,93.28,92.85,99.99,98.52,73.94,90.98,69.52,81.08,73,82.49,90.77,72.02,82.9,70.56
"320",83.49,87.94,88.38,79.66,80.28,83.74,97.4,81.67,67.31,74.85,85.83,97.45,89.48,96.16,76.88,97.52,79.98,83.49,91.15,88.7,68.29,88.56,73.85,92.88,88.75
"321",74.65,86.96,82.3,74.34,88.54,88.39,76.35,99.37,78.84,95.25,93.41,90.56,73.08,87.95,72.35,98.85,70.21,83.13,87.03,69.18,76.22,72.53,69.08,89.69,99.12
"322",95.33,88.43,73.14,87.14,80.11,99.58,99.83,74.01,99.99,75.5,98.58,84.56,98.92,84.23,82.45,97.87,80.39,73.83,92.37,99.25,97.08,77.35,77.13,84.76,69.41
"323",67.06,86.8,92.96,83.68,88.84,88.43,68.39,77.25,89.46,93.03,69.93,98,73.03,78.27,79.67,84.79,96.2,91.83,67.81,75.33,70.86,68.43,86.88,76.86,98.84
"324",70.74,88.61,91.81,90.34,81.43,94.59,94.48,94.69,86.09,77.66,83.77,90.94,77.68,79.79,74.07,73.29,84.23,97.2,71.94,99.61,84.77,84.89,97.82,93.8,97.45
"325",92.82,74.44,97.06,96.14,67.57,81.68,69.1,67.73,83.74,67.69,74.23,75.47,88.77,97.67,92.46,67.12,97.46,84.64,84.69,98.81,70.77,75.22,97.07,76.63,87.49
"326",70.77,82.66,90.16,95.9,90.63,78.54,76.74,70.08,98.73,99,95.19,86.94,89.54,99.42,97.52,71.03,79.46,70.69,75.37,86.18,74.52,95.34,93.5,81.56,87.8
"327",79.55,77.93,71.57,80.14,78.55,69.1,75.68,67.77,99.68,89.18,83.69,70.61,90.34,95.15,69.05,86.43,76.13,96.55,90.63,88.54,84.6,83.59,85.56,88.85,80.78
"328",67.38,89.44,90.34,88.72,76.17,89.02,73.14,97.69,98.22,73.57,94.51,73.13,70.88,81.08,90.16,92.22,92.29,94.98,90.78,87.02,77,93.15,99.72,88.37,99.45
"329",71.83,70.73,67.56,83.55,91.69,69.22,69.68,94.84,70.77,70.36,70.61,91.88,95.97,90.21,88,72.12,71.79,97.18,75.17,95.47,76.58,68.59,95.12,68.74,91.65
"330",77.15,87.17,76.99,82.63,97,76.39,97.97,96.24,89.94,81.77,99.44,80.54,69.22,82.72,77.83,73.2,85.77,79.97,72.9,75.25,73.28,74.25,97.23,70.19,98.67
"331",78.46,71.82,81.07,89.36,72.14,90.12,87.8,74.95,90.66,95.73,71.05,97.59,88.4,97.92,74.66,86.92,74.04,75.25,96.57,90.7,97.46,98.24,75.9,98.51,98.72
"332",74.64,72.37,95.35,78.75,70.95,67.12,67.88,67.85,94.24,96.47,71.82,98.71,67.03,87.1,92.69,70.15,97.55,98.45,74.91,83.55,98.1,96.85,89.91,78.59,74.22
"333",88.29,92.6,74.72,87.45,89.74,94.02,99.04,81.14,90.77,94.28,86.75,74.82,77.21,76.58,71.42,78.89,88.3,86.41,84.63,72.47,98.29,92.62,69.14,79.4,69.93
"334",76.92,86.17,70.03,98.49,79.26,76.31,83,88.49,92.49,74.84,88.86,89.71,77.55,77.04,74.7,96.32,97.92,75.88,94.38,77.57,68.81,83.6,86.38,98.1,98.73
"335",75.75,98.34,91.37,67.54,99.27,85.67,83.51,71.04,71.61,96.6,96.94,72.3,72.49,98.53,84.82,89.81,82.3,91.66,85.31,71.69,71.37,80.33,70.67,96.47,90.72
"336",97.43,88.58,73.4,77.47,93.8,68.38,94.7,98.03,99.41,77.18,74.56,85.48,84.76,79.11,73.66,98.98,69.13,68.9,94.3,78.2,90.9,88.19,84.81,95.87,68.63
"337",79.66,80.83,88.55,98.91,74.08,79.29,86.86,68.43,74.58,75.54,93.47,96.62,98.72,70.13,87.95,77.48,88.11,71.12,69.23,85.51,91.27,87.32,91.75,79.63,98
"338",99.72,78.96,84.91,86.65,98.12,80.68,79.53,89.89,88.87,72.22,89.39,72.85,67.82,97.95,72.66,93,90.74,81.3,67.43,90.65,74.29,91.77,92.19,98.96,85.25
"339",92.21,69.93,81.96,97.78,67.67,94.53,90.15,94.21,85.87,80.52,96.99,76.24,88.45,76.64,94.48,81.39,94.52,79.67,96.62,84.42,70.3,81.62,99.1,87.48,76.39
"340",93.26,86.35,89.74,85.74,92.69,78.67,99.81,98.36,98.06,86.99,88.81,86.69,75.64,95.37,78.18,89.99,99.88,88.28,95.14,80.54,77.03,83.09,76.18,94.7,94.1
"341",84.41,89.74,83.49,94.42,96.92,86.29,73.06,81.73,76.17,69.02,75.97,98.65,78.25,75.7,94.74,78.18,67.88,80.54,75.46,96.74,99.28,70.54,77.92,89.02,72.72
"342",84.36,94.82,94.2,93.67,83.57,68.72,98.64,79.63,86.68,76.53,88.12,72.56,74.42,69.16,86.01,94.81,84.09,76.8,93.9,73.08,82.09,77.95,95.91,90.23,76.17
"343",91.9,93.82,90.4,98.63,89.55,69.7,73.28,78.99,85.49,80.21,74.3,69.16,77.62,96.15,93.76,76.45,89.23,79.24,79.22,87.09,79.9,97.78,73.81,76.38,73.89
"344",77.93,75.63,80.51,92.3,75.53,83.27,75.69,86.85,75.6,72.36,76.22,71.24,86.71,77.98,71.29,67.76,82.82,72.23,78.97,69.54,97.35,68.77,89.91,78.37,75.8
"345",85.96,84.07,89.7,75.66,82.23,81.63,78.25,76.67,92.97,75.26,93.77,69.75,81.73,83.74,77.29,95.4,68.98,79.65,86.84,67.86,73.2,93.11,74.43,90.98,82.46
"346",94.62,78.42,71.56,88.88,76.7,92.65,80.14,86.54,88.71,99.74,99.74,70.19,88.65,87.79,76.59,82.91,82.38,69.72,89.98,68.15,96.13,99.19,70.7,70.28,89.31
"347",76.63,96.94,85.9,70.23,94.07,93.95,88.32,89.16,78.22,99.86,92.25,85.53,89.12,67.24,84.22,86.04,86.47,87.96,80.35,92.39,70.47,84.18,78.5,93.16,96.41
"348",72.83,97.76,81.38,86.82,94.37,85.54,79.07,95.93,80.55,88.1,71.33,90.77,87.36,84.26,76.22,70.86,86.34,90.04,70.63,70.49,90.3,95.63,86.4,78.02,71.57
"349",96.66,79.03,97.42,84.19,71.75,76.99,69.43,94.95,98.74,93.22,91.43,81.44,92.12,80.33,82.87,92.78,80.26,75.42,88,85.73,90.47,93.3,81.61,99.12,77.6
"350",95.73,94.92,71.58,94.33,78.97,83.03,82.4,78.25,91.65,81.46,68.69,80.11,73.11,71.16,93.33,97.52,85.51,91.84,89.89,82.49,68.82,67.41,95.45,77.45,74.86
"351",82.36,70.65,82.76,97.38,70.78,71.62,85.52,85.83,87,73.32,75.32,97.41,67.05,90.38,74.43,77.29,68.13,95.21,73.72,97.95,87.09,72.37,68.89,72.19,85.01
"352",87.3,97.87,87.98,81.9,92.16,99.17,97.52,79.76,73.83,96.23,92.12,91.54,74.04,89.87,89.93,98.9,72.7,94.69,85.52,69.25,81.3,83.88,89.93,78.64,99.87
"353",92.11,92.96,84.72,90.63,68.81,79.21,67.5,76.82,81.59,70.04,72.84,95.51,73.52,94.11,89.91,92.93,81.76,79.44,97.76,71.71,91.01,79.22,90.29,83.25,98.84
"354",95.7,76.2,91.92,74.92,70.65,86.27,90.07,95.14,77.09,93.76,86.36,99.53,96.05,90.57,71.03,84.8,91.67,82.04,67.19,90.49,79.08,82.81,69.86,95.54,86.51
"355",68.73,79.91,80.73,82.78,77.23,79.81,83.28,94.77,77.57,73.9,86.9,93.27,80.09,81.18,94.96,97.72,99.56,77.97,71.64,95.62,84.79,99.91,95.49,76.43,72.9
"356",80.81,91.37,95.71,93.37,72.54,75.67,79.92,94.71,94.59,99.26,72.44,74.24,67.93,86.23,76.66,73.09,97.53,97.05,79.56,69.26,80.51,70.39,89.43,97.31,79.96
"357",73.61,95.89,98.38,80.45,69.82,82.61,81.2,79.65,70.12,99.23,81.38,86.08,72.03,68.02,82.54,74.47,96.8,73.6,92.38,75.33,69.44,69.75,86.89,67.62,83.15
"358",98.24,97.81,74.49,88.81,75.52,74.73,68.76,83.28,67.3,99.42,88.38,93.32,67.23,99.02,68.54,91.63,92.73,90.73,88.23,86.51,86.46,70.5,93.12,70.83,71.85
"359",99.5,87.71,93.67,82.51,90.86,84.59,72.37,75.6,90.92,82.36,77.53,79.29,90.67,98.66,90.52,76.28,78.2,75.75,82.74,87.97,84.04,83.8,67.24,78.31,77.05
"360",90.35,84.84,83.28,77.18,97.4,83.56,95.02,73.77,79.85,95.33,79.56,82.89,80.09,87.46,87.36,96.6,79.99,71.75,86.25,72.57,71.87,75.06,92.04,68.26,93.01
"361",88.34,99.32,93.59,90.56,79.85,69.6,73.81,84.77,75.26,81.64,84.96,87.44,82.63,85.15,96.12,73.19,84.75,74.25,88.95,97.52,86.85,85.87,90.13,81.37,73.42
"362",93.25,81.54,69.96,68.66,80.71,71.17,81.87,90.42,95.49,82.74,99.39,96.34,73.05,80.9,68.97,69.22,71.38,89.89,70.13,89.77,83.92,97.17,91.91,92.6,92.81
"363",87.58,70.03,98.7,83.74,96.28,88.57,95.12,93.06,88.85,98.77,83.09,87.27,71.71,86.54,98.45,95.48,86.41,80.64,86.97,81.53,72.67,81.26,88.47,79.1,81.61
"364",72.9,89.51,95.55,84.52,79.69,93.72,82.34,84.34,80.01,82.82,77.78,68.96,79.96,88.33,98.86,74.77,91.21,89.74,75.81,92.85,86.89,76.83,93.42,79.65,82.33
"365",75.53,89.94,79.99,86.56,78,87.61,88.22,86.53,98.09,80.63,89.15,87.68,80.76,68.68,87.35,90.56,84.34,98.02,67.9,83.17,83.14,93.72,96.7,89.37,95.88
"366",71.62,90.88,84.77,83.27,81.97,75.41,76.48,71.22,72.5,80.02,87.38,79.99,91.21,79.4,91.34,92.39,90.75,97.75,94.34,98.62,94.05,70.8,85.08,91.01,79.89
"367",88.28,82.43,69.06,85.35,76.04,83.29,88.83,96.75,73.98,74.08,98.24,89.64,85.08,77.86,84.85,85.4,81.24,78.67,91.4,67.91,86.6,78.43,88.92,92.55,70.63
"368",99.22,99.8,83.44,99.33,91.05,82.99,79.93,82.29,89.59,80.34,97.35,94.83,88.88,97.68,95.04,88.9,86.96,85.1,67.03,74.92,68.66,86,72.03,85.15,92.93
"369",90.19,71,97.1,79.11,97.34,85.89,99.63,78.01,72.95,80.14,80,96.65,89.84,97.64,77.24,72.14,72.54,83.78,74.33,72.24,71.26,92.26,93.03,79.67,75.37
"370",94.2,72.95,79.44,83.34,69.8,89.72,90.05,74.53,93.7,85.79,70.66,70.1,89.25,86.92,70.41,85.57,82.12,98.12,88.25,81.36,97.67,96.18,96.46,67.16,84.84
"371",93.18,87.16,89.22,82.07,69.37,90.04,87.23,81.63,77.97,70.48,86.96,98.14,89.55,84.23,67.4,67.37,71.93,96.41,86.42,99.5,71.63,68.09,82.99,80.22,90.89
"372",80.29,76.51,95.12,71.74,84.19,90.53,78.35,87.64,71.8,68.13,92.56,74.02,90.11,89.98,72.58,68.99,91.72,74.98,97.02,79.66,84.54,87.15,68.91,76.32,72.3
"373",95.78,98.08,96,80.38,77.22,84.32,77.15,91.06,70.45,90.66,74.9,91.64,82.34,78.11,86.93,98.85,87.61,72.37,90.96,75.8,68.22,95.49,80.34,78.91,75.11
"374",80.35,85.05,99.53,76.75,67.1,91.6,99.68,86.61,76.71,71.18,92.47,82.56,94.04,74.12,93.6,74.93,75.66,94.63,72.45,80.36,84.01,83.6,71.12,93.05,95.16
"375",84.45,73.5,96.22,93.81,71.02,79.38,68.72,92.14,83.3,69.55,85.43,97.02,89.04,80.83,90.42,81.16,88.79,76.21,69.18,88.49,96.87,73.96,70.39,71.07,75.87
"376",67.49,75.32,97.94,91.47,75.83,75.83,74.27,96.92,99.01,87.44,92.52,90.98,78.48,79.5,98.95,79.98,77.92,67.51,88.78,75.18,76.57,83.74,95.38,83.83,86.7
"377",95.85,98.98,97.26,72.11,99.6,89.97,78.25,71.07,67.39,90.62,75.39,85.15,78.35,79.61,75.41,74.81,91.98,67.11,67.29,76.53,88.67,76.13,97.73,90.15,92.41
"378",78.58,82.67,67.67,76.46,77.33,97.54,87.66,75.1,73.07,81.46,69.93,90.75,73.59,68.98,95.63,70.48,67.7,86.88,94.68,80.33,91.5,99.91,75.54,92.6,80.08
"379",69.88,70.55,86.59,95.14,97.26,73.65,71.27,89.27,76.87,67.92,79.31,89.9,73.05,74.55,83.71,76.95,69.29,95.11,67.55,80.16,90.15,74.2,69.99,84.07,87.97
"380",75.99,92.14,71.49,78.19,99.02,71.1,73.68,90.7,85.38,94.26,73.8,76.37,75.07,69.49,70.84,87.15,81.39,80.73,85.16,97.34,76.68,67.76,71.94,88.42,96.29
"381",96.61,99.57,87.58,80.7,89.06,69.14,84.32,89.44,98.01,78.01,89.3,81.03,77.35,85.37,88.92,72.49,73.94,86.56,92.88,85.11,73.31,72.78,78.47,77.76,77.15
"382",70.51,70.98,77.16,86.96,72.76,67.8,71.89,85.9,74.81,82.36,75.05,87.73,94.07,99.67,72.99,99.27,86.54,92.21,76.48,82.83,79.45,95.45,69.81,98.67,80.57
"383",96.38,70.48,91.12,75.22,68.08,93.28,89.41,72.18,96.09,76.57,98.67,74.81,80.71,67.79,87.38,96.13,67.86,96.33,69.85,69.78,70.98,96.54,90.03,86.05,78.92
"384",83.7,80.84,80.16,80.46,74.11,86.42,89.34,68.85,73.43,79.85,76.19,88.42,72.23,71.83,89.35,71.91,75.47,99.82,92.29,88.46,78.46,97.79,97.87,95.33,76.92
"385",80.9,68.95,71.16,67.72,99.25,71.32,67.94,80.25,84.12,79.58,69.38,71.3,70.78,71.02,92.58,80.35,89.44,99.28,68.38,71.54,89.84,91.64,84.71,67.94,97.33
"386",83.41,76.81,89.6,88.76,83.63,67.04,90.59,96.4,67.92,71.1,89.15,96.41,87.05,80.12,73.74,84.73,95.63,68.96,72.91,73.89,87.35,77.71,96.19,89.78,83.19
"387",78.23,92.33,77.2,88.1,84.79,98.49,83.35,85.16,69.16,87.14,93.49,86.78,85.61,86.36,76.49,82.25,72.07,77.09,69.81,90.65,75.89,96.49,79.04,87.11,69.84
"388",97.87,68.36,82.89,87.58,99.37,80.09,99.35,94.98,93.69,77.21,86.69,88.63,74.21,73.46,95.1,79.92,98.27,95.06,98.4,88.23,87.07,84.8,93.69,98.36,83.23
"389",69.67,95.95,72.3,76.67,89.44,94.76,88.42,76.24,82.7,83.03,94.27,85.08,70.47,80.3,72.23,77.5,85.62,87.4,96.05,77.69,82.51,98.88,99.52,92.22,95.95
"390",74.07,93.76,73.16,78.07,72.63,98.57,77,77.27,89.25,67.59,87.92,68.42,68.33,70.23,97.35,84.62,69.19,73.34,99.04,79.67,72.5,78.33,84.36,93.85,75.56
"391",96.89,86.43,70.28,67.37,67.06,87.38,89.54,85.81,92.87,74.03,89.01,81.59,89.18,97.06,98.4,74.61,85.41,78.04,99.76,81.43,70.52,81.07,92.92,83.67,67.42
"392",84.48,84.92,70.72,94.34,90.94,68.92,86.43,92.69,71.73,99.4,81.52,80.3,92.48,97.09,97.72,70.56,95.85,73.56,89.58,91.34,99.73,98.12,97.82,84.92,89.21
"393",77.01,96.46,68.13,81.16,68.32,75.39,97.96,75.01,88.91,82.74,94.92,82.65,67.04,76.3,84.64,71.57,99.98,70.92,98.98,81.11,90.12,92.65,73.37,97.65,75.11
"394",87.02,67.05,73.56,86.43,93.6,99.89,74.31,99.73,83.41,79.23,90.1,89.57,98.78,97.75,92.44,95.51,97.74,77.44,95.55,98.09,85.58,87.12,78.2,94.69,71.98
"395",87.62,68.97,97.18,67.75,77.95,76.29,91.39,78.25,97.55,83.14,67.72,78.23,88.27,80.18,71.54,72.28,91.82,85.36,96.5,85.18,85.55,68.41,93.94,97.88,97.13
"396",75.8,93.25,88.22,90.68,82.55,77.34,94.83,76.59,97.4,89.32,72.11,88.26,95.59,92.83,91.61,74.42,83.54,75.36,98.09,72.48,87.62,89.16,81.4,99.79,72.7
"397",68.54,71.84,81.84,85.38,87.93,95.05,98.87,77.34,95.22,87.19,92.23,82.51,80.04,83.5,99.2,82.28,71.34,94.49,99.98,70.37,78.69,72.33,94.06,96.6,99.85
"398",70.25,79.07,92.7,81.28,78.62,88.11,75.81,80.23,84.74,82.56,79.22,67.35,84.33,85.48,81.79,92.86,72.89,91.72,82.55,72.92,84.35,81.3,83,71.76,83.13
"399",68.42,93.38,91.79,97.14,72.61,72.81,93.93,89.88,89.48,86.68,93.63,89.52,77.4,72.11,68.94,95.95,74.15,91.1,94.54,80.27,74.82,97.48,83.45,94.83,80.26
"400",84.71,90.22,83.6,72.46,92.73,98.49,74.62,70.02,74.28,70.17,78.45,88.05,92.49,78.04,81.79,99,75.21,72.98,94.13,95.57,87.12,70.22,77.23,86.34,68.19
